Country Name,Country Code,Series Name,Series Code,2000,2001,2002,2003,2004,2005,2006,2007,2008,2009,2010,2011,2012,2013,2014,2015
Afghanistan,AFG,GDP per capita (current US$),NY.GDP.PCAP.CD,..,..,179.4264945,190.6840088,211.3819695,242.0313792,263.7337347,359.69348,364.6604654,438.0760344,543.3030419,591.1623465,641.8720338,637.1650439,613.8563329,578.4663529
Albania,ALB,GDP per capita (current US$),NY.GDP.PCAP.CD,1126.683318,1281.659393,1425.124849,1846.118813,2373.579844,2673.787283,2972.743265,3595.037163,4370.540087,4114.14015,4094.362119,4437.178067,4247.614279,4413.081743,4578.66672,3952.829458
Algeria,DZA,GDP per capita (current US$),NY.GDP.PCAP.CD,1764.888222,1740.560069,1781.758571,2103.453105,2609.945608,3113.101094,3478.818543,3950.561607,4923.540099,3883.378143,4480.724539,5455.741338,5592.326098,5499.581487,5493.02559,4177.867517
American Samoa,ASM,GDP per capita (current US$),NY.GDP.PCAP.CD,..,..,8700.067705,8856.547459,8578.944723,8444.9817,8391.561067,8909.449156,9792.666806,11961.25823,10271.22452,10294.30227,11568.793,11505.39371,11507.23235,11843.33118
Andorra,AND,GDP per capita (current US$),NY.GDP.PCAP.CD,21936.5301,22228.84649,24741.49357,32776.44227,38503.47961,41282.02012,43747.69185,48582.22088,47785.08927,43338.86676,39736.35406,41100.72994,38392.9439,40626.75163,42300.33413,36039.6535
Angola,AGO,GDP per capita (current US$),NY.GDP.PCAP.CD,556.8363181,527.3335285,872.4944916,982.9608993,1255.564045,1902.422346,2599.566464,3121.995637,4080.94141,3122.780766,3587.883798,4615.468028,5100.095808,5254.882338,5408.410496,4166.979684
Antigua and Barbuda,ATG,GDP per capita (current US$),NY.GDP.PCAP.CD,10920.84269,10370.67113,10404.43621,10789.95096,11446.63847,12547.61304,13989.71567,15607.08987,16024.34555,14113.07726,13049.25705,12746.20502,13272.44133,12909.74418,13501.58092,14286.09316
Argentina,ARG,GDP per capita (current US$),NY.GDP.PCAP.CD,7708.100996,7208.371567,2593.40415,3349.806124,4277.721351,5109.851325,5919.012037,7245.448317,9020.873098,8225.137176,10385.96443,12848.8642,13082.66433,13080.25473,12334.79825,13789.06042
Armenia,ARM,GDP per capita (current US$),NY.GDP.PCAP.CD,622.7421391,694.4232277,783.2406986,930.1273219,1191.91902,1643.753029,2158.143697,3139.277499,4010.857243,2994.342544,3218.372707,3525.804747,3681.857456,3838.185801,3986.231624,3607.296697
Aruba,ABW,GDP per capita (current US$),NY.GDP.PCAP.CD,20620.70063,20669.03197,20436.88713,20833.76161,22569.97499,23300.03956,24045.27248,25835.13267,27084.70369,24630.45371,23512.6026,24985.99328,24713.69805,25025.09956,25533.56978,25796.38025
Australia,AUS,GDP per capita (current US$),NY.GDP.PCAP.CD,21679.24784,19490.86111,20082.48327,23447.031,30430.67644,33999.24286,36044.92281,40960.05449,49601.65671,42772.35917,52022.1256,62517.83375,68012.1479,68150.10704,62510.79117,56755.72171
Austria,AUT,GDP per capita (current US$),NY.GDP.PCAP.CD,24564.45829,24537.51426,26401.74546,32222.89724,36821.52147,38403.13388,40635.28182,46855.77175,51708.76575,47963.1794,46858.04327,51374.95841,48567.69529,50716.70871,51717.49594,44178.04738
Azerbaijan,AZE,GDP per capita (current US$),NY.GDP.PCAP.CD,655.0974326,703.6838434,763.080638,883.6439965,1045.009379,1578.40239,2473.081819,3851.437869,5574.603802,4950.294791,5842.805784,7189.691229,7496.294648,7875.756953,7891.313147,5500.320497
"Bahamas, The",BHS,GDP per capita (current US$),NY.GDP.PCAP.CD,27097.61081,27486.23677,28866.80101,28327.27087,28395.92466,30278.36692,30713.70528,31472.09897,30627.23863,28552.19048,28443.40766,28006.37972,29485.62093,28768.02989,29445.03053,31405.96356
Bahrain,BHR,GDP per capita (current US$),NY.GDP.PCAP.CD,13636.39623,12868.26916,13049.80322,14222.0368,15846.54414,17959.25544,19307.60966,20976.54353,23066.5099,19355.90467,20722.13729,22514.25875,23654.37185,24744.35763,24989.38021,22688.96379
Bangladesh,BGD,GDP per capita (current US$),NY.GDP.PCAP.CD,418.0689683,415.0344266,413.0802546,446.3106592,475.2919198,499.4619402,509.6401429,558.0518603,634.9870565,702.26441,781.1535936,861.7584443,883.1050005,981.8398792,1118.853663,1248.453398
Barbados,BRB,GDP per capita (current US$),NY.GDP.PCAP.CD,11496.6024,11437.24771,11592.20993,11937.67338,12766.27047,14104.14623,15199.28066,16770.74794,17092.31459,15886.13929,16056.11684,16459.05801,16249.89778,16452.03696,16488.52576,16561.87352
Belarus,BLR,GDP per capita (current US$),NY.GDP.PCAP.CD,1276.288034,1244.373185,1479.314583,1819.766059,2378.623286,3125.810535,3847.434124,4735.657608,6377.369732,5351.355382,6181.399916,6519.230195,6940.159254,7978.872615,8318.51269,5949.106307
Belgium,BEL,GDP per capita (current US$),NY.GDP.PCAP.CD,23041.53473,22995.15752,24887.56133,30587.66841,35364.37533,36795.97688,38672.70594,44262.896,48106.89292,44583.54481,44141.87814,47348.52502,44673.11588,46744.66254,47700.54036,40991.80814
Belize,BLZ,GDP per capita (current US$),NY.GDP.PCAP.CD,3364.423711,3418.216676,3554.230347,3675.880301,3825.78733,3926.013742,4178.925373,4315.834964,4460.634144,4243.433284,4270.799647,4423.490439,4505.62068,4568.542051,4705.610045,4775.915077
Benin,BEN,GDP per capita (current US$),NY.GDP.PCAP.CD,374.1923942,378.736054,418.6985763,519.2922847,583.4093514,601.799977,625.8300158,706.0533749,820.1508783,793.4522526,758.4350829,827.0226108,837.8949968,915.5758164,944.931653,784.2784072
Bermuda,BMU,GDP per capita (current US$),NY.GDP.PCAP.CD,56284.16865,58883.95943,62583.1002,66111.72523,70359.31911,75882.03386,83912.6978,90849.58698,93605.74817,88463.31282,88207.32756,85973.15842,85458.45551,85748.06541,..,..
Bhutan,BTN,GDP per capita (current US$),NY.GDP.PCAP.CD,718.1878292,764.4366087,845.5102794,962.0969045,1068.421777,1228.441823,1330.965295,1757.182569,1828.149232,1819.213402,2258.183141,2563.257526,2538.945899,2472.714309,2652.214588,2752.664208
Bolivia,BOL,GDP per capita (current US$),NY.GDP.PCAP.CD,997.5824599,948.8712066,904.2266273,907.5371101,967.406992,1034.31124,1218.874459,1372.628225,1715.208922,1754.211061,1955.461557,2346.33717,2609.880819,2908.200085,3081.878834,3035.972215
Bosnia and Herzegovina,BIH,GDP per capita (current US$),NY.GDP.PCAP.CD,1467.776477,1530.814816,1769.199828,2224.745864,2814.999895,2980.602109,3416.510596,4193.373652,5090.932345,4714.702495,4635.517779,5092.551943,4778.636088,5131.394506,5329.635045,4727.277381
Botswana,BWA,GDP per capita (current US$),NY.GDP.PCAP.CD,3522.308678,3278.00825,3190.615453,4330.9449,5073.53765,5520.12472,5516.03921,5832.733942,5713.534983,5255.768461,6434.815657,7617.325094,7877.79035,7224.965172,7780.638385,6799.875234
Brazil,BRA,GDP per capita (current US$),NY.GDP.PCAP.CD,3749.75325,3156.798718,2829.283192,3070.910491,3637.462389,4790.437088,5886.463588,7348.030794,8831.023117,8597.915352,11286.24302,13245.6125,12370.0242,12300.32258,12112.5903,8814.000987
British Virgin Islands,VGB,GDP per capita (current US$),NY.GDP.PCAP.CD,..,..,..,..,..,..,..,..,..,..,..,..,..,..,..,..
Brunei Darussalam,BRN,GDP per capita (current US$),NY.GDP.PCAP.CD,18012.55626,16472.14862,16850.15113,18560.60857,21902.08805,26105.27903,30979.87917,32663.56659,37934.37651,27955.71386,35269.55311,47055.84112,47741.90647,44740.08502,41726.78397,31164.56203
Bulgaria,BGR,GDP per capita (current US$),NY.GDP.PCAP.CD,1609.882452,1757.44378,2076.830682,2698.624248,3363.799644,3869.529455,4490.201777,5885.949252,7261.754492,6969.558557,6843.26695,7813.806692,7378.02473,7646.839866,7864.760672,6993.783483
Burkina Faso,BFA,GDP per capita (current US$),NY.GDP.PCAP.CD,226.4759814,235.4912324,260.7635413,332.3443051,371.3230865,406.9988071,420.5825537,475.1100122,569.7613172,552.7455886,575.4464527,666.8401198,673.8215984,699.7794056,703.8200556,575.3144542
Burundi,BDI,GDP per capita (current US$),NY.GDP.PCAP.CD,136.4639708,134.3634475,123.117628,113.5673664,128.3366128,151.6814634,167.3764845,172.4958599,198.3529006,212.1368804,234.2356469,249.5779794,252.3589799,256.9760028,274.8579479,305.5497728
Cabo Verde,CPV,GDP per capita (current US$),NY.GDP.PCAP.CD,1259.323656,1292.202785,1401.903733,1809.089925,2024.275248,2099.157484,2361.385134,3186.826892,3721.250949,3517.401245,3378.25486,3740.389099,3447.524041,3615.979041,3588.674054,3043.013984
Cambodia,KHM,GDP per capita (current US$),NY.GDP.PCAP.CD,302.5771636,321.1503013,338.9872627,362.3357077,408.5138263,474.1112278,539.7501687,631.5248421,745.6091807,738.0547836,785.5022829,882.2754926,950.880346,1013.420401,1093.496191,1162.90492
Cameroon,CMR,GDP per capita (current US$),NY.GDP.PCAP.CD,649.9918454,651.1009075,707.8875674,865.9581375,1009.94312,1011.880073,1062.137433,1194.06985,1371.746708,1314.706015,1285.261726,1403.255638,1354.623087,1465.222327,1540.568182,1326.969277
Canada,CAN,GDP per capita (current US$),NY.GDP.PCAP.CD,24190.24962,23738.18072,24169.28473,28200.65808,32034.30774,36266.18712,40385.86996,44543.04104,46594.45095,40773.06153,47450.31847,52101.79609,52542.34666,52504.6557,50835.51118,43495.05439
Cayman Islands,CYM,GDP per capita (current US$),NY.GDP.PCAP.CD,..,..,..,..,..,47014.32449,83322.78344,85434.26817,85187.84024,77398.01584,73350.78482,72328.41164,72783.32044,73515.89532,74990.43322,76280.48625
Central African Republic,CAF,GDP per capita (current US$),NY.GDP.PCAP.CD,251.2068774,250.3570114,260.7455273,293.6618517,320.7374603,331.1629242,354.6713801,404.373965,464.5614221,474.7054087,487.9453833,551.0280576,565.8330584,380.1900917,423.8841246,377.2712538
Chad,TCD,GDP per capita (current US$),NY.GDP.PCAP.CD,165.7629866,196.9736976,220.3759764,291.9448516,453.5218172,658.3049578,709.7651951,798.5480013,925.6360843,800.4642249,891.6988174,983.4472327,967.408126,979.5339592,1018.930956,775.7075235
Channel Islands,CHI,GDP per capita (current US$),NY.GDP.PCAP.CD,43381.65784,41804.37092,44544.43344,48859.48302,56753.3862,58197.44938,63239.65383,74462.64675,..,..,..,..,..,..,..,..
Chile,CHL,GDP per capita (current US$),NY.GDP.PCAP.CD,5074.901624,4574.594421,4446.250505,4772.56282,6194.853107,7598.525121,9464.550243,10502.35452,10751.47967,10208.90676,12808.03459,14637.24024,15351.55133,15842.94081,14670.99676,13574.17183
China,CHN,GDP per capita (current US$),NY.GDP.PCAP.CD,959.3724836,1053.108243,1148.50829,1288.643252,1508.668098,1753.417829,2099.229435,2693.969827,3468.304463,3832.235952,4550.453596,5618.132491,6316.918863,7050.64592,7651.366044,8033.388043
Colombia,COL,GDP per capita (current US$),NY.GDP.PCAP.CD,2520.480898,2439.681789,2396.627303,2281.401927,2782.623053,3404.19019,3731.168489,4703.213157,5461.780726,5195.393376,6326.549469,7324.383286,8042.529769,8212.667829,8114.084264,6175.87603
Comoros,COM,GDP per capita (current US$),NY.GDP.PCAP.CD,645.8186908,680.3185414,744.4751724,935.611518,1059.176884,1068.600321,1113.957757,1238.461514,1387.594626,1339.337191,1315.214806,1446.068018,1403.428519,1504.920859,1511.816083,1242.102885
"Congo, Dem. Rep.",COD,GDP per capita (current US$),NY.GDP.PCAP.CD,405.216253,153.5910092,175.0099651,173.7961353,194.0399624,218.3861908,255.4330838,286.3304921,327.5637218,298.6196821,334.0215726,387.0824654,424.6003861,457.9637283,486.7870819,497.3169608
"Congo, Rep.",COG,GDP per capita (current US$),NY.GDP.PCAP.CD,1029.577037,868.3399509,912.2781532,1026.107674,1324.219142,1680.204588,2064.344523,2165.745759,2956.264407,2314.266025,2809.694957,3282.393455,3032.667329,3047.064589,2992.931349,1761.32357
Costa Rica,CRI,GDP per capita (current US$),NY.GDP.PCAP.CD,3772.870012,3944.737613,4024.6519,4129.632791,4385.390719,4654.824822,5201.514095,6071.789165,6859.079022,6760.477515,8141.913127,9121.932518,9913.209959,10490.08133,10547.15186,11299.13554
Cote d'Ivoire,CIV,GDP per capita (current US$),NY.GDP.PCAP.CD,651.3059068,664.1276663,716.5302656,869.7125993,921.2012673,930.8298181,949.1318328,1061.154026,1235.613366,1210.295426,1211.930338,1207.001434,1243.344597,1415.469385,1559.386504,1426.457864
Croatia,HRV,GDP per capita (current US$),NY.GDP.PCAP.CD,4849.528816,5391.099956,6233.062541,8060.267559,9662.783667,10530.21601,11703.32597,13962.86487,16309.44842,14555.98765,13923.63705,14566.62973,13238.11795,13642.19778,13600.18618,11782.90255
Cuba,CUB,GDP per capita (current US$),NY.GDP.PCAP.CD,2747.098575,2837.738018,2999.245244,3197.133754,3395.71205,3786.664795,4683.566155,5208.716073,5411.271418,5529.67036,5730.354775,6139.71933,6497.321113,6837.712892,7133.342095,7694.01192
Curacao,CUW,GDP per capita (current US$),NY.GDP.PCAP.CD,..,..,..,..,..,..,..,..,..,..,..,20146.38641,20587.39736,20462.71795,20258.00969,19951.3279
Cyprus,CYP,GDP per capita (current US$),NY.GDP.PCAP.CD,14388.3467,14821.44552,16093.21868,20252.24214,23792.61793,24959.26591,26729.32675,31244.92801,35391.04006,32105.86748,30818.47993,32233.64339,28984.94455,27942.30127,27407.15286,23217.48415
Czech Republic,CZE,GDP per capita (current US$),NY.GDP.PCAP.CD,6011.61522,6609.20553,8032.896612,9773.117503,11685.88724,13346.17639,15183.63605,18373.649,22698.85396,19741.59763,19808.07109,21717.45794,19729.87051,19916.01939,19744.55861,17715.61685
Denmark,DNK,GDP per capita (current US$),NY.GDP.PCAP.CD,30743.54768,30751.65435,33228.69354,40458.7774,46511.59833,48799.8256,52026.99951,58487.05497,64322.0635,58163.27688,58041.39844,61753.64713,58507.50805,61191.1937,62548.98473,53254.856
Djibouti,DJI,GDP per capita (current US$),NY.GDP.PCAP.CD,768.1760767,780.9082226,791.3894782,818.8666298,863.2316123,904.7297489,967.6686229,1052.725652,1223.856861,1267.312801,1343.26873,1451.54298,1559.240651,2312.728803,2466.018332,2675.605374
Dominica,DMA,GDP per capita (current US$),NY.GDP.PCAP.CD,4787.780171,4883.723663,4771.040927,4897.44175,5217.230416,5160.224314,5518.399108,5952.056669,6469.145738,6902.85717,6967.24523,7065.052968,6848.418234,7016.676471,7318.103783,7596.435062
Dominican Republic,DOM,GDP per capita (current US$),NY.GDP.PCAP.CD,2869.105861,2977.148428,3136.155187,2445.435893,2528.577199,3970.32284,4134.683785,4707.796708,5087.991118,5039.407423,5555.390949,5913.434422,6110.369521,6238.133097,6608.832257,6921.517371
Ecuador,ECU,GDP per capita (current US$),NY.GDP.PCAP.CD,1445.279324,1894.615169,2172.101877,2425.851842,2691.278081,3002.136867,3328.882972,3567.836438,4249.019262,4231.615798,4633.590358,5200.55579,5682.045007,6056.330827,6377.09153,6124.491643
"Egypt, Arab Rep.",EGY,GDP per capita (current US$),NY.GDP.PCAP.CD,1450.476242,1391.707846,1228.937975,1138.664673,1063.003663,1187.51969,1398.190624,1667.843721,2044.527855,2329.23948,2644.817039,2791.954962,3232.648892,3264.378787,3378.831358,3598.970948
El Salvador,SLV,GDP per capita (current US$),NY.GDP.PCAP.CD,2001.538009,2072.299842,2124.102889,2209.496508,2278.431843,2428.569512,2631.820415,2786.157922,2933.395675,2858.47963,2983.242708,3266.045875,3428.384736,3509.53628,3588.965943,3705.540002
Equatorial Guinea,GNQ,GDP per capita (current US$),NY.GDP.PCAP.CD,1725.554738,2313.151289,2744.208156,3618.576094,6152.131238,10963.28936,12857.33605,15908.39183,22942.58345,16667.93682,17272.00977,21613.54923,21712.39502,20384.92453,19368.23091,11278.92894
Eritrea,ERI,GDP per capita (current US$),NY.GDP.PCAP.CD,308.1337836,316.82382,293.9557909,334.5854429,407.7699765,388.5951226,415.0365994,439.8326905,450.6328403,595.1099872,667.7441778,811.3760286,..,..,..,..
Estonia,EST,GDP per capita (current US$),NY.GDP.PCAP.CD,4075.970639,4509.17846,5344.877798,7206.16648,8912.992195,10406.39688,12631.56777,16741.93912,18227.12008,14794.97079,14784.38108,17624.04414,17534.42154,19174.10073,20367.10266,17522.23019
Eswatini,SWZ,GDP per capita (current US$),NY.GDP.PCAP.CD,1728.705335,1521.767619,1405.441856,2148.619929,2699.133395,3083.826226,3176.700344,3327.44188,3137.396111,3385.842921,4168.505183,4496.60038,4527.668982,4230.344051,4038.55723,3689.518704
Ethiopia,ETH,GDP per capita (current US$),NY.GDP.PCAP.CD,124.4608003,120.765782,111.9272235,119.490391,136.4662556,162.4327265,194.6874305,244.2860372,326.4368267,380.5690479,341.5541149,354.4795758,467.0779272,499.5315721,566.9264665,640.5418913
Faroe Islands,FRO,GDP per capita (current US$),NY.GDP.PCAP.CD,22653.31605,24419.74244,26732.79047,31497.96692,35467.17547,36205.37054,41522.54386,47885.69888,50866.0811,47447.87004,48530.23385,52083.88914,49459.71723,54853.6256,59440.03076,52404.65933
Fiji,FJI,GDP per capita (current US$),NY.GDP.PCAP.CD,2076.568784,2039.625697,2260.258398,2837.892246,3334.931667,3659.579329,3747.860716,4072.10157,4167.670285,3362.816555,3652.527437,4371.45751,4591.555784,4840.693716,5605.570331,5390.745237
Finland,FIN,GDP per capita (current US$),NY.GDP.PCAP.CD,24285.46682,24946.18919,26869.6749,32855.13263,37702.84538,39040.28888,41188.0937,48414.84509,53554.03892,47293.99283,46459.97325,51081.99767,47710.79022,49878.04324,50260.29986,42811.21299
France,FRA,GDP per capita (current US$),NY.GDP.PCAP.CD,22364.02939,22433.55571,24177.33517,29568.38595,33741.26515,34760.18777,36443.62344,41508.43399,45334.11444,41575.41875,40638.334,43790.73205,40874.70351,42592.93409,43008.64738,36613.37522
French Polynesia,PYF,GDP per capita (current US$),NY.GDP.PCAP.CD,14323.82082,..,..,..,..,..,..,..,..,..,..,..,..,..,..,..
Gabon,GAB,GDP per capita (current US$),NY.GDP.PCAP.CD,4125.716664,3989.556606,4121.958645,4922.376526,5729.296958,6888.627147,7214.914544,8447.078591,10212.81943,7690.052235,8840.730664,10795.50058,9814.038992,9680.824339,9650.574376,7381.746749
"Gambia, The",GMB,GDP per capita (current US$),NY.GDP.PCAP.CD,594.151643,505.4201497,411.7724804,335.906217,642.7549298,665.7219407,662.362461,780.3800991,924.5115164,833.2804027,860.6378737,762.7610541,742.7811378,700.514972,607.4284041,660.7235712
Georgia,GEO,GDP per capita (current US$),NY.GDP.PCAP.CD,749.9085236,801.9904139,853.5164537,1010.00798,1305.047486,1642.760938,1996.057129,2635.353882,3324.735879,2822.66743,3233.295943,4021.743306,4421.818242,4623.729554,4739.203565,4014.185944
Germany,DEU,GDP per capita (current US$),NY.GDP.PCAP.CD,23635.92922,23607.88286,25077.72908,30243.57653,34044.05363,34507.36881,36323.44774,41587.2129,45427.15168,41485.90165,41531.9342,46644.77603,43858.36306,46285.76407,47959.99327,41139.54457
Ghana,GHA,GDP per capita (current US$),NY.GDP.PCAP.CD,258.4709595,269.0149984,304.5645608,367.8215216,417.5081649,491.9463779,911.9986756,1078.160509,1210.622257,1074.75538,1298.436952,1558.482133,1613.286837,2378.159513,1968.858263,1766.005701
Gibraltar,GIB,GDP per capita (current US$),NY.GDP.PCAP.CD,..,..,..,..,..,..,..,..,..,..,..,..,..,..,..,..
Greece,GRC,GDP per capita (current US$),NY.GDP.PCAP.CD,12042.95373,12538.17883,14110.31339,18477.57841,21955.10409,22551.73574,24801.15781,28827.32636,31997.28201,29710.9703,26917.75898,25916.29353,22242.68193,21874.8195,21760.9798,18167.77372
Greenland,GRL,GDP per capita (current US$),NY.GDP.PCAP.CD,19004.10729,19275.47334,20652.87833,27459.76278,32023.45221,32489.78191,35458.12312,39780.95144,44367.05565,44918.56488,43988.33249,47186.98147,45936.76595,47535.58995,50484.92757,44536.40131
Grenada,GRD,GDP per capita (current US$),NY.GDP.PCAP.CD,5057.173965,5040.670468,5213.896269,5682.5961,5741.598633,6644.02496,6658.540847,7212.506822,7832.423352,7290.6971,7257.756622,7291.058897,7444.504768,7789.776381,8369.886755,9096.870646
Guam,GUM,GDP per capita (current US$),NY.GDP.PCAP.CD,..,..,21536.36688,22572.0753,24395.79762,26495.87758,26555.6452,27542.22617,29056.31429,30026.50321,30700.43401,30859.40435,32494.56236,33265.38119,34394.09748,35278.92594
Guatemala,GTM,GDP per capita (current US$),NY.GDP.PCAP.CD,1655.58773,1568.376286,1701.749729,1753.327408,1872.737067,2077.834371,2256.56507,2489.948406,2794.176832,2635.716443,2825.483963,3187.866203,3299.665605,3452.922,3687.836951,3923.573344
Guinea,GIN,GDP per capita (current US$),NY.GDP.PCAP.CD,363.482479,336.6300919,343.5373419,393.7399293,410.7612161,322.4156816,453.4035185,659.992723,715.0968204,674.0855502,672.4244026,651.1353635,717.0507379,769.0039433,787.2380702,769.2560137
Guinea-Bissau,GNB,GDP per capita (current US$),NY.GDP.PCAP.CD,308.1441193,319.6774918,331.4938718,371.2198274,404.3491366,436.3020197,429.6222659,493.0704969,597.5763927,557.1716148,557.6321326,702.7428804,616.4116862,634.482446,622.4817167,603.1585129
Guyana,GUY,GDP per capita (current US$),NY.GDP.PCAP.CD,954.4041525,955.6653806,974.9491933,997.2100346,1056.423886,1105.496454,1954.133308,2331.200342,2566.887085,2756.819889,3033.247725,3425.436441,3788.146749,3934.865262,4031.600662,4166.128516
Haiti,HTI,GDP per capita (current US$),NY.GDP.PCAP.CD,467.1475588,417.762646,396.6338208,332.6147785,391.0346157,468.7572696,508.9688066,619.8127742,678.8447898,672.0369979,665.6274195,744.2174268,769.749381,815.8200152,831.8739489,815.7282844
Honduras,HND,GDP per capita (current US$),NY.GDP.PCAP.CD,1080.462129,1120.552212,1122.063942,1145.497561,1204.476619,1296.695959,1420.136121,1572.065504,1727.827701,1789.706651,1904.346465,2088.3153,2144.342611,2102.593166,2206.051934,2302.201379
"Hong Kong SAR, China",HKG,GDP per capita (current US$),NY.GDP.PCAP.CD,25756.66378,25230.21633,24665.89,23977.01945,24928.10037,26649.7508,28224.21506,30594.01784,31515.66277,30697.34038,32549.99823,35142.48793,36730.8767,38403.77771,40315.28556,42431.88828
Hungary,HUN,GDP per capita (current US$),NY.GDP.PCAP.CD,4624.281657,5276.033189,6655.333009,8421.103313,10285.79363,11200.57695,11475.82271,13918.96019,15753.47328,13046.48101,13113.52596,14150.96673,12918.24752,13687.2461,14246.1098,12651.56834
Iceland,ISL,GDP per capita (current US$),NY.GDP.PCAP.CD,32018.06325,28793.9599,32326.63774,39423.92732,47367.28186,56658.58959,56673.59304,69054.2708,56409.77346,41333.41987,43024.92384,47516.87574,45910.0209,49522.23697,54242.05468,52428.59576
India,IND,GDP per capita (current US$),NY.GDP.PCAP.CD,443.3141934,451.5730011,470.9867859,546.7266145,627.7742473,714.8610135,806.7532806,1028.334771,998.522339,1101.96084,1357.563719,1458.103527,1443.879529,1449.605912,1573.881492,1605.605431
Indonesia,IDN,GDP per capita (current US$),NY.GDP.PCAP.CD,780.190201,748.2576157,900.1775757,1065.648539,1150.261315,1263.287321,1589.801489,1860.002763,2166.854167,2261.247224,3122.362815,3643.043936,3694.348946,3623.911582,3491.624791,3331.695128
"Iran, Islamic Rep.",IRN,GDP per capita (current US$),NY.GDP.PCAP.CD,1670.00947,1909.412278,1911.678792,2253.936132,2756.198742,3246.051029,3774.357841,4904.666252,5630.442995,5677.888522,6603.212269,7818.057232,7927.647542,6111.440608,5608.602512,4916.085938
Iraq,IRQ,GDP per capita (current US$),NY.GDP.PCAP.CD,..,..,..,..,1391.963489,1855.522004,2373.214785,3182.947982,4636.610978,3853.940935,4657.280426,6045.495551,6836.027313,7076.554608,6818.804621,4989.803075
Ireland,IRL,GDP per capita (current US$),NY.GDP.PCAP.CD,26241.36461,28227.72753,32541.0986,41106.92527,47631.01066,50878.22361,54306.42932,61359.74138,61262.10056,52105.15248,48715.17686,51848.90973,48917.89756,51590.18845,55492.98268,61995.42278
Isle of Man,IMN,GDP per capita (current US$),NY.GDP.PCAP.CD,20322.94615,21352.21605,24864.43629,29520.0323,35492.43553,37761.03605,42106.80118,54194.98641,70994.40895,65031.33187,69766.52119,77351.95888,76104.68137,80431.6728,88974.22865,81606.28003
Israel,ISR,GDP per capita (current US$),NY.GDP.PCAP.CD,21043.57493,20306.93224,18435.89476,18979.32345,19896.81774,20566.64549,21837.37849,24924.33095,29567.80388,27715.63681,30693.59308,33669.24647,32511.23785,36309.46883,37678.88977,35776.79517
Italy,ITA,GDP per capita (current US$),NY.GDP.PCAP.CD,20087.59199,20483.21599,22270.14412,27465.6753,31259.7165,32043.14037,33501.65817,37822.66524,40778.34274,37079.75867,36000.52012,38599.06221,35053.52624,35549.9747,35518.41529,30230.2263
Jamaica,JAM,GDP per capita (current US$),NY.GDP.PCAP.CD,3384.694861,3431.416469,3599.973172,3469.151565,3725.109093,4089.198442,4321.043327,4633.944386,4917.718398,4316.231053,4704.054455,5111.471413,5209.851931,4989.171391,4833.790318,4907.50372
Japan,JPN,GDP per capita (current US$),NY.GDP.PCAP.CD,38532.04088,33846.46564,32289.35054,34808.39092,37688.72234,37217.64873,35433.98896,35275.22843,39339.29757,40855.17564,44507.67639,48167.99727,48603.47665,40454.44746,38109.41211,34524.46986
Jordan,JOR,GDP per capita (current US$),NY.GDP.PCAP.CD,1674.825261,1744.463602,1827.335753,1902.589902,2073.641321,2214.017817,2548.268658,2773.740242,3398.151722,3504.00246,3690.113268,3816.279258,3877.339345,3998.027473,4072.765475,4105.448961
Kazakhstan,KAZ,GDP per capita (current US$),NY.GDP.PCAP.CD,1229.000958,1490.92709,1658.030785,2068.124118,2874.288291,3771.278957,5291.57565,6771.414797,8513.564645,7165.223175,9070.488253,11634.0019,12386.7,13890.63177,12807.26069,10510.77189
Kenya,KEN,GDP per capita (current US$),NY.GDP.PCAP.CD,397.4826588,395.3295318,389.542711,429.7878437,451.6687159,511.6164222,685.9545322,825.6665976,902.0700258,905.1317861,951.6879611,971.633329,1136.871406,1210.388014,1315.804535,1336.883349
Kiribati,KIR,GDP per capita (current US$),NY.GDP.PCAP.CD,796.8881748,735.0262947,826.9452801,1015.724172,1131.140005,1214.556667,1168.448531,1374.452153,1428.120516,1311.999002,1516.811869,1735.018358,1788.505421,1715.765331,1642.762597,1542.57525
"Korea, Dem. People’s Rep.",PRK,GDP per capita (current US$),NY.GDP.PCAP.CD,..,..,..,..,..,..,..,..,..,..,..,..,..,..,..,..
"Korea, Rep.",KOR,GDP per capita (current US$),NY.GDP.PCAP.CD,11947.57913,11252.90755,12782.52553,14209.38852,15907.66583,18639.52221,20888.38015,23060.70788,20430.63946,18291.9196,22086.95292,24079.78852,24358.78218,25890.01867,27811.36638,27105.07623
Kosovo,XKX,GDP per capita (current US$),NY.GDP.PCAP.CD,1087.762401,1490.361033,1413.532587,1638.104739,2086.537325,2147.464271,2237.126598,2685.986222,3254.788415,3209.71146,3283.483451,3736.700833,3600.575965,3876.970676,4054.71697,3574.24112
Kuwait,KWT,GDP per capita (current US$),NY.GDP.PCAP.CD,18440.37852,16587.17767,17846.32606,22148.37815,27011.72765,35591.00578,42781.3665,45782.27656,55494.95099,37561.67267,38577.38166,48618.88229,51978.99848,49388.20939,44062.4003,29869.52939
Kyrgyz Republic,KGZ,GDP per capita (current US$),NY.GDP.PCAP.CD,279.6195693,308.4096116,321.7270332,380.5064324,433.2349766,476.55213,543.1107024,721.7686908,966.3936272,871.2243893,880.0377751,1123.883168,1177.974735,1282.437162,1279.769783,1121.082835
Lao PDR,LAO,GDP per capita (current US$),NY.GDP.PCAP.CD,325.1869982,326.9419076,320.0615179,362.8214135,417.9285042,475.6107135,590.6327074,710.344815,900.3236718,948.6539323,1140.599205,1378.361365,1581.395403,1825.665113,1998.335215,2134.711796
Latvia,LVA,GDP per capita (current US$),NY.GDP.PCAP.CD,3351.230706,3566.171119,4125.210034,5127.593575,6343.143526,7552.873894,9663.373451,14042.46242,16376.99836,12257.21657,11344.69337,13713.85531,13847.78511,15043.11756,15740.32675,13698.93795
Lebanon,LBN,GDP per capita (current US$),NY.GDP.PCAP.CD,4491.637259,4422.387076,4579.459593,4576.390746,4627.657988,4573.536073,4632.312707,5217.471718,6134.13043,7371.100639,7756.744069,7703.389472,7985.854941,7923.851717,7712.062848,7649.832611
Lesotho,LSO,GDP per capita (current US$),NY.GDP.PCAP.CD,436.488352,405.6053137,382.1901735,573.6537676,753.3807868,842.8130532,904.6034022,863.7796315,884.9626748,890.9963833,1199.951766,1393.386362,1328.813074,1249.183496,1276.413,1112.081441
Liberia,LBR,GDP per capita (current US$),NY.GDP.PCAP.CD,306.8328947,306.7103554,306.473737,243.0893405,286.0649989,294.8930368,336.1156743,396.6017613,478.3999379,470.9476196,513.4456986,596.8970811,657.9362563,721.9300554,721.1827948,710.3838577
Libya,LBY,GDP per capita (current US$),NY.GDP.PCAP.CD,7142.774452,6266.490972,3703.048308,4673.143913,5800.597969,8163.010778,9336.35667,11300.19134,14382.57629,10275.26656,12064.78069,5554.179164,13025.28139,10363.78949,6466.91027,4337.919139
Liechtenstein,LIE,GDP per capita (current US$),NY.GDP.PCAP.CD,74853.93873,74267.48649,79359.80467,89851.97716,100265.9551,105414.442,114390.5997,130655.637,143255.9816,126082.4926,141200.38,158156.5998,149010.2249,173058.3174,178845.631,167290.94
Lithuania,LTU,GDP per capita (current US$),NY.GDP.PCAP.CD,3297.354701,3530.147337,4146.987928,5505.535669,6706.966998,7863.162009,9240.642548,12297.91535,14961.56818,11837.39103,11953.93844,14338.64351,14333.94934,15705.16399,16534.48198,14249.11497
Luxembourg,LUX,GDP per capita (current US$),NY.GDP.PCAP.CD,48735.99549,48179.42085,52930.64115,65445.88503,75716.35108,80289.69641,89739.7117,106018.4928,114293.8433,103198.6693,104965.3061,115761.5077,106749.0136,113625.1329,118823.6484,101376.4966
"Macao SAR, China",MAC,GDP per capita (current US$),NY.GDP.PCAP.CD,15710.08693,15552.95038,16315.36363,17808.90151,22446.33637,25043.01895,29950.77311,36352.91846,40597.55748,40796.96183,52253.15531,66644.38534,76291.84749,89287.45402,93777.1068,75340.98698
Madagascar,MDG,GDP per capita (current US$),NY.GDP.PCAP.CD,245.9390659,278.5557032,262.2859481,316.7998965,245.1235876,274.8197023,292.1507288,438.6552901,536.3514821,467.5397379,471.9592116,531.2655054,518.1528127,541.0660851,530.8612639,467.2352774
Malawi,MWI,GDP per capita (current US$),NY.GDP.PCAP.CD,156.3857186,150.1489558,298.4333849,267.3990565,282.5670846,289.5551689,308.1634757,332.2591444,387.6059753,438.2120429,478.6685897,534.9512647,391.5618324,348.4302696,371.2697496,380.5970331
Malaysia,MYS,GDP per capita (current US$),NY.GDP.PCAP.CD,4043.662051,3913.428726,4165.726104,4461.847687,4952.212975,5587.02565,6209.124508,7243.455987,8474.586829,7292.494447,9040.566251,10399.37275,10817.44287,10970.12328,11319.07976,9955.242127
Maldives,MDV,GDP per capita (current US$),NY.GDP.PCAP.CD,2234.579866,3039.334623,3049.197616,3475.983305,3941.431136,3639.966576,4809.963115,5574.451876,6614.159147,6636.412416,7076.662423,7291.42764,7265.613656,7928.457365,8499.365762,9033.390413
Mali,MLI,GDP per capita (current US$),NY.GDP.PCAP.CD,269.8711377,307.4369205,334.8365206,392.524759,440.1684418,488.8281374,522.5783724,596.6901888,690.8824398,698.2183825,709.5819646,836.5098094,778.6694625,805.2596685,847.1503863,751.1705935
Malta,MLT,GDP per capita (current US$),NY.GDP.PCAP.CD,11039.05651,11021.78636,11843.93902,13689.98999,15109.05497,15835.34667,16671.5672,19375.5696,21928.70067,20675.58259,21107.36443,22845.90489,21926.80837,23838.6144,26012.01531,24077.01082
Marshall Islands,MHL,GDP per capita (current US$),NY.GDP.PCAP.CD,2272.722795,2388.549648,2515.527974,2458.068318,2456.244952,2568.361142,2608.605448,2745.438975,2726.097483,2698.179556,2876.994997,3083.83188,3224.338382,3296.698163,3230.02326,3213.837288
Mauritania,MRT,GDP per capita (current US$),NY.GDP.PCAP.CD,491.8427617,479.4034763,476.7386237,547.0752157,623.7804239,722.3238956,977.1235632,1048.160922,1222.925452,1079.233108,1241.428756,1435.635415,1411.35283,1477.361539,1371.58435,1193.400596
Mauritius,MUS,GDP per capita (current US$),NY.GDP.PCAP.CD,3929.075495,3856.625227,4018.948897,4793.718179,5388.065784,5282.906022,5695.969327,6574.654338,8030.063005,7318.12641,8000.376432,9197.026972,9291.227619,9637.00265,10153.93822,9260.447303
Mexico,MEX,GDP per capita (current US$),NY.GDP.PCAP.CD,7157.8145,7544.568648,7593.137793,7075.369643,7484.486542,8277.671251,9068.294387,9642.680605,10016.5713,8002.972106,9271.398233,10203.42085,10241.72792,10725.18332,10922.37605,9605.952351
"Micronesia, Fed. Sts.",FSM,GDP per capita (current US$),NY.GDP.PCAP.CD,2171.950238,2248.429632,2265.88098,2295.889629,2253.092807,2358.27984,2406.182575,2458.610843,2541.408928,2721.870047,2885.44589,3009.198232,3131.386282,2994.678833,2971.456884,2906.377221
Moldova,MDA,GDP per capita (current US$),NY.GDP.PCAP.CD,354.0037982,407.7348445,458.6778168,548.2913146,720.9459511,831.2081782,950.6404087,1230.444564,1695.985075,1525.526119,1958.13372,2363.593725,2446.725316,2668.683009,2674.116332,2179.233625
Monaco,MCO,GDP per capita (current US$),NY.GDP.PCAP.CD,82367.99128,82273.63617,88576.50619,108259.4931,122691.6374,124193.6056,134044.7012,169961.3839,185721.7942,154762.1994,150585.4489,168785.9408,157515.8991,177593.3519,189170.8957,165937.8653
Mongolia,MNG,GDP per capita (current US$),NY.GDP.PCAP.CD,474.2168965,524.0553079,571.5926395,646.1932563,797.9786853,998.8313648,1334.211681,1632.726952,2136.563214,1714.360545,2643.292914,3757.558633,4351.88692,4366.075901,4158.525715,3918.579174
Montenegro,MNE,GDP per capita (current US$),NY.GDP.PCAP.CD,1627.072633,1909.598702,2106.635068,2789.159065,3380.165121,3674.617924,4425.678873,5976.391922,7367.751909,6727.10552,6682.281158,7318.74469,6586.721279,7186.431924,7378.345289,6514.272695
Morocco,MAR,GDP per capita (current US$),NY.GDP.PCAP.CD,1334.943051,1339.293577,1416.488158,1725.458038,1952.90183,2018.025743,2196.01219,2499.259938,2890.360083,2866.924199,2839.925168,3046.949136,2912.658275,3121.681176,3171.699192,2875.257985
Mozambique,MOZ,GDP per capita (current US$),NY.GDP.PCAP.CD,313.5680341,291.467739,299.6830541,323.5225887,381.1565927,415.348291,434.0340288,480.9335201,564.4794877,519.7604047,471.1816926,594.5864667,657.6453378,664.0782118,673.9699555,589.8590281
Myanmar,MMR,GDP per capita (current US$),NY.GDP.PCAP.CD,190.6062319,137.1683267,142.0822652,217.3904189,217.5942826,244.8823499,294.1631813,406.7286892,638.1490599,734.4460067,979.05163,1176.242453,1165.794329,1162.33144,1251.820765,1133.002816
Namibia,NAM,GDP per capita (current US$),NY.GDP.PCAP.CD,2136.440243,1906.292604,1769.17591,2560.774036,3396.911932,3674.002201,3974.522425,4356.244512,4153.247938,4265.258745,5324.61704,5753.987148,5930.548473,5694.082634,5624.135341,5032.889762
Nauru,NRU,GDP per capita (current US$),NY.GDP.PCAP.CD,..,..,..,..,..,..,..,2076.728147,3972.431102,4456.606593,4921.119111,7226.814649,10101.50479,10039.27221,9871.731985,8013.357608
Nepal,NPL,GDP per capita (current US$),NY.GDP.PCAP.CD,229.4902871,246.725629,244.7208237,252.4024323,286.1575938,315.80563,346.9452514,391.3801314,470.4555473,478.1731816,592.4010975,699.4293377,698.4664794,715.923743,743.4133813,792.5528906
Netherlands,NLD,GDP per capita (current US$),NY.GDP.PCAP.CD,26149.41108,26873.27593,29204.03983,35672.2066,40362.39478,41979.05585,44863.35063,51733.44213,57644.47997,52514.02712,50950.03434,54159.34661,50073.00566,52184.06185,52830.17423,45175.23189
New Caledonia,NCL,GDP per capita (current US$),NY.GDP.PCAP.CD,12579.59511,..,..,..,..,..,..,..,..,..,..,..,..,..,..,..
New Zealand,NZL,GDP per capita (current US$),NY.GDP.PCAP.CD,13641.10272,13882.85683,16874.18749,21913.70817,25420.23488,27751.06547,26671.32942,32510.0827,31287.94365,28201.23228,33692.01083,38426.55081,39970.44004,42949.14223,44533.78309,38559.54704
Nicaragua,NIC,GDP per capita (current US$),NY.GDP.PCAP.CD,1007.501429,1034.551588,1000.935948,1005.732473,1080.268112,1162.290113,1226.691845,1327.959699,1499.267786,1444.381084,1503.870423,1655.816933,1760.461485,1811.632521,1934.056966,2049.84969
Niger,NER,GDP per capita (current US$),NY.GDP.PCAP.CD,158.7049748,165.5405619,178.0545148,215.9566573,232.5855765,249.9279298,257.8291528,292.2197341,352.7199749,339.1436177,347.3430407,374.4828645,390.1199097,414.3886131,427.737226,360.8533841
Nigeria,NGA,GDP per capita (current US$),NY.GDP.PCAP.CD,567.930736,590.381815,741.7475112,795.3862467,1007.874328,1268.383443,1656.424759,1883.461311,2242.871886,1891.33537,2292.445156,2520.404166,2746.991789,2998.072843,3222.693537,2730.430324
North Macedonia,MKD,GDP per capita (current US$),NY.GDP.PCAP.CD,1854.145956,1815.920091,1961.203736,2408.80011,2762.560358,3037.75311,3325.635809,4036.20277,4793.443669,4544.008835,4542.899717,5063.786986,4698.141294,5210.67583,5468.480869,4840.273123
Northern Mariana Islands,MNP,GDP per capita (current US$),NY.GDP.PCAP.CD,..,..,21978.77439,21381.60733,21136.84799,18764.812,17715.90136,16986.90668,17189.93135,14669.7913,14804.24673,13571.05828,13827.7697,14274.24065,15278.90787,16690.5701
Norway,NOR,GDP per capita (current US$),NY.GDP.PCAP.CD,38131.46061,38542.7151,43084.47247,50134.89077,57603.83602,66810.47852,74148.32008,85139.96045,96944.09561,79977.69708,87693.79007,100600.5624,101524.1419,102913.4508,97019.18275,74355.51586
Oman,OMN,GDP per capita (current US$),NY.GDP.PCAP.CD,8601.25417,8475.964136,8626.984097,9066.347498,10126.1161,12377.06807,14420.51706,15838.46561,22139.64041,16823.77165,19281.16563,20896.74698,21923.54802,20926.55405,20131.9813,16150.88726
Pakistan,PAK,GDP per capita (current US$),NY.GDP.PCAP.CD,519.5343268,495.3454616,483.4969271,543.7518258,625.3978597,683.0902351,836.8605211,908.0950906,990.8465996,957.9956808,987.409723,1164.976129,1198.109001,1208.90431,1251.164104,1356.667756
Palau,PLW,GDP per capita (current US$),NY.GDP.PCAP.CD,7647.929861,8085.066543,8302.011509,7762.224242,8299.496653,9325.554825,9673.945752,10159.21808,10587.27545,10028.40033,10219.9276,10884.41251,11967.30726,12688.19721,13794.79178,15871.84263
Panama,PAN,GDP per capita (current US$),NY.GDP.PCAP.CD,4060.324493,4046.419981,4126.241558,4267.303325,4592.152614,4916.914994,5348.895292,6166.180721,7154.274496,7576.140467,8082.028459,9358.251475,10722.28363,11889.12763,12796.07004,13630.30797
Papua New Guinea,PNG,GDP per capita (current US$),NY.GDP.PCAP.CD,602.1869023,515.6846078,491.8343081,568.2464399,618.0368977,749.1863962,1256.978892,1401.94718,1672.950783,1626.312402,1949.352517,2406.909678,2790.67667,2729.891904,2920.783721,2679.345589
Paraguay,PRY,GDP per capita (current US$),NY.GDP.PCAP.CD,1663.605252,1565.053712,1300.851426,1365.416418,1679.497171,1843.633791,2271.090038,2976.825503,4041.583876,3624.571058,4355.934939,5322.96376,5183.082877,5926.832863,6102.943233,5406.703857
Peru,PER,GDP per capita (current US$),NY.GDP.PCAP.CD,1955.588006,1941.475632,2021.23974,2145.643183,2417.035501,2729.498682,3154.331237,3606.070435,4220.616969,4196.312793,5082.354757,5869.32308,6528.972218,6756.752769,6672.880255,6229.101696
Philippines,PHL,GDP per capita (current US$),NY.GDP.PCAP.CD,1038.90854,957.1899393,999.9059505,1010.309637,1078.628944,1193.977291,1390.517223,1670.590155,1916.296708,1821.523941,2124.05677,2345.327754,2572.629425,2749.386636,2831.316667,2867.15199
Poland,POL,GDP per capita (current US$),NY.GDP.PCAP.CD,4492.727604,4981.198619,5196.932921,5693.377763,6681.178818,8021.003655,9038.730847,11255.4367,14001.44688,11527.59323,12599.53358,13893.50926,13145.53926,13781.06261,14347.91458,12572.30788
Portugal,PRT,GDP per capita (current US$),NY.GDP.PCAP.CD,11497.75346,11724.6115,12875.32079,15762.97579,18031.00042,18773.12536,19822.84603,22782.09462,24847.54514,23059.79745,22498.69086,23186.91313,20564.88986,21647.04181,22074.30076,19242.36647
Puerto Rico,PRI,GDP per capita (current US$),NY.GDP.PCAP.CD,16192.12697,18123.1987,18731.45939,19557.12025,20988.99233,21959.3227,22935.94116,23664.88235,24898.33459,25768.72589,26435.74879,27278.88305,27944.73389,28513.16574,28981.45733,29764.05389
Qatar,QAT,GDP per capita (current US$),NY.GDP.PCAP.CD,29976.11704,28517.26721,30214.85901,34517.75509,42124.82901,51455.59419,59530.15354,65421.75277,80234.47007,59094.44494,67403.1603,82409.58033,85076.14793,85050.91097,83858.52838,63039.01655
Romania,ROU,GDP per capita (current US$),NY.GDP.PCAP.CD,1659.90764,1825.179805,2119.882673,2679.41191,3494.944517,4617.929016,5757.496429,8360.166321,10435.04398,8548.118672,8209.919456,9104.995622,8535.046876,9555.244217,10026.97358,8977.498544
Russian Federation,RUS,GDP per capita (current US$),NY.GDP.PCAP.CD,1771.59783,2100.358253,2377.536957,2975.132778,4102.372294,5323.473877,6920.194398,9101.256706,11635.27424,8562.813697,10674.9972,14351.21205,15434.57478,16007.08999,14100.7291,9313.787542
Rwanda,RWA,GDP per capita (current US$),NY.GDP.PCAP.CD,218.6801627,203.4568715,199.0673298,215.7489815,240.6492936,291.9966862,353.2157284,417.9164085,517.0574714,557.1493973,582.6941191,645.7483207,704.1777125,704.9803025,723.2819733,728.0818794
Samoa,WSM,GDP per capita (current US$),NY.GDP.PCAP.CD,1542.066736,1557.01718,1633.035432,1909.122171,2353.548219,2590.417791,2796.570246,3133.654113,3379.082093,3168.176706,3566.362435,3933.459314,4022.19907,4037.509208,3937.758796,4073.665929
San Marino,SMR,GDP per capita (current US$),NY.GDP.PCAP.CD,40124.4599,41731.13757,44490.82803,56034.29267,64869.6626,66795.51231,70457.42838,82771.70365,90435.2703,76686.0213,68496.36068,64890.23886,56068.43455,57302.688,54282.8098,45774.58789
Sao Tome and Principe,STP,GDP per capita (current US$),NY.GDP.PCAP.CD,..,524.6874217,577.6385699,678.6940562,745.3136577,866.5074511,883.0666981,896.8546188,1098.767934,1067.917334,1094.710636,1263.865523,1340.526507,1577.022329,1782.797756,1595.861423
Saudi Arabia,SAU,GDP per capita (current US$),NY.GDP.PCAP.CD,9171.330145,8684.647401,8695.400072,9609.966975,11185.13337,13791.44629,15384.74015,16516.62362,20078.25779,16113.14249,19262.54768,23745.80161,25243.3587,24844.74437,24463.90316,20627.93278
Senegal,SEN,GDP per capita (current US$),NY.GDP.PCAP.CD,604.654066,615.2684717,656.6227077,823.7211451,940.5516918,993.9320411,1040.903994,1222.372918,1411.929332,1317.235687,1278.977754,1371.723353,1330.057448,1375.678754,1394.794743,1218.764246
Serbia,SRB,GDP per capita (current US$),NY.GDP.PCAP.CD,870.1365252,1634.875061,2149.909404,2832.490652,3331.228766,3720.479155,4382.617279,5848.476405,7101.040141,6169.114195,5735.422857,6809.159804,6015.945228,6755.073675,6600.056809,5585.117938
Seychelles,SYC,GDP per capita (current US$),NY.GDP.PCAP.CD,7578.851053,7663.13708,8331.261997,8524.961236,10176.65871,11092.51074,12014.39987,12154.82994,11122.86207,9706.95606,10804.68447,12189.09516,12006.68296,14765.67398,14700.33434,14745.34146
Sierra Leone,SLE,GDP per capita (current US$),NY.GDP.PCAP.CD,138.6986922,229.3755148,252.3962103,266.4471103,266.5695675,292.3493252,323.3891849,360.3721418,408.4807421,391.2010053,401.8350014,448.3375255,566.3786569,716.8353047,714.7007124,588.2284527
Singapore,SGP,GDP per capita (current US$),NY.GDP.PCAP.CD,23852.32703,21700.02005,22159.68886,23730.15245,27608.53737,29961.26328,33769.15416,39432.93835,40007.46926,38927.20688,47236.96023,53890.42873,55546.48854,56967.42579,57562.53079,55646.61875
Sint Maarten (Dutch part),SXM,GDP per capita (current US$),NY.GDP.PCAP.CD,..,..,..,..,..,..,..,..,..,..,..,..,..,..,..,..
Slovak Republic,SVK,GDP per capita (current US$),NY.GDP.PCAP.CD,5413.150621,5717.21709,6533.553213,8712.698793,10671.82186,11685.75482,13159.75944,16085.61152,18677.29271,16531.67051,16727.29133,18338.36223,17460.04681,18236.98079,18670.93017,16309.07324
Slovenia,SVN,GDP per capita (current US$),NY.GDP.PCAP.CD,10201.30354,10479.75943,11777.15551,14849.03695,17233.13856,18098.90873,19672.96549,23787.64669,27483.33695,24694.23056,23509.54339,25095.13263,22643.10025,23496.60231,24214.92207,20881.76677
Solomon Islands,SLB,GDP per capita (current US$),NY.GDP.PCAP.CD,1054.388246,944.6140341,784.6498272,744.3525546,818.0588673,880.8129914,949.3376001,1048.650015,1208.338618,1160.301648,1290.398786,1722.418121,1913.232013,1977.451405,1996.781184,1914.46793
Somalia,SOM,GDP per capita (current US$),NY.GDP.PCAP.CD,..,..,..,..,..,..,..,..,..,..,..,..,..,297.9554718,295.2665004,293.4552357
South Africa,ZAF,GDP per capita (current US$),NY.GDP.PCAP.CD,3032.427138,2666.47491,2502.277005,3751.282813,4833.627517,5383.656543,5602.011044,6095.622439,5760.805287,5862.79734,7328.615629,8007.412846,7501.469984,6832.456891,6433.187277,5734.633629
South Sudan,SSD,GDP per capita (current US$),NY.GDP.PCAP.CD,..,..,..,..,..,..,..,..,1669.492412,1337.882084,1535.708185,1516.403915,1179.739828,1779.469336,1322.820238,1119.651332
Spain,ESP,GDP per capita (current US$),NY.GDP.PCAP.CD,14713.06571,15355.70317,17025.53198,21463.44266,24861.2828,26419.29686,28365.31349,32549.97098,35366.2596,32042.47408,30502.71971,31636.44631,28324.42934,29059.54795,29461.55033,25732.01836
Sri Lanka,LKA,GDP per capita (current US$),NY.GDP.PCAP.CD,869.6965166,832.8034402,867.4912137,982.1956459,1065.784437,1248.698185,1435.817177,1630.388906,2037.322103,2090.401826,2799.648876,3200.833829,3350.521876,3610.289363,3819.25353,3843.780672
St. Kitts and Nevis,KNA,GDP per capita (current US$),NY.GDP.PCAP.CD,9836.195568,10660.41173,11011.37958,10631.40699,11424.9729,12329.66101,13883.42319,15152.13495,16465.05021,15783.58418,15508.61699,16538.09653,16044.557,16685.02661,18051.89007,18029.32554
St. Lucia,LCA,GDP per capita (current US$),NY.GDP.PCAP.CD,5323.375357,5047.027828,5050.875503,5502.487593,5897.546642,6216.823627,6860.323872,7632.043989,7568.453414,7425.026672,8037.472967,8227.394082,8151.992413,8358.905169,8744.291224,9262.256115
St. Martin (French part),MAF,GDP per capita (current US$),NY.GDP.PCAP.CD,..,..,..,..,..,..,..,..,..,..,..,..,..,..,..,..
St. Vincent and the Grenadines,VCT,GDP per capita (current US$),NY.GDP.PCAP.CD,3676.439642,3985.683402,4272.860898,4447.743813,4810.298503,5070.512702,5625.35139,6307.214096,6415.809617,6232.719361,6292.789829,6242.193281,6390.314389,6639.607146,6684.807367,6920.878074
Sudan,SDN,GDP per capita (current US$),NY.GDP.PCAP.CD,366.1728076,383.0159987,418.2518413,484.8447351,573.3069261,689.209557,905.3097449,1128.41035,1304.533051,1238.180845,1489.876911,1672.103295,1882.24677,1943.916458,2163.155898,2486.745659
Suriname,SUR,GDP per capita (current US$),NY.GDP.PCAP.CD,2012.260287,1750.558371,2267.721066,2611.356086,3006.189322,3590.626616,5197.717047,5744.759727,6831.970411,7408.389111,8255.796859,8263.172923,9201.008785,9402.233137,9472.0076,8561.974179
Sweden,SWE,GDP per capita (current US$),NY.GDP.PCAP.CD,29456.06864,27093.08111,29729.71934,37090.94137,42544.41047,43163.99996,46277.57678,53341.49077,55903.89989,46793.94416,52817.44137,60612.87883,57874.2865,60897.36563,59843.51917,51397.19176
Switzerland,CHE,GDP per capita (current US$),NY.GDP.PCAP.CD,37868.296,38538.9791,41376.37281,48087.54377,53340.19698,54952.67549,57579.50291,63555.28092,72487.83471,69927.44229,74605.77451,88415.61081,83538.21282,85112.4696,86605.51739,82081.60921
Syrian Arab Republic,SYR,GDP per capita (current US$),NY.GDP.PCAP.CD,1177.629268,1258.447322,1263.255122,1253.395146,1407.178424,1571.738407,1748.90568,2032.623489,..,..,..,..,..,..,..,..
Tajikistan,TJK,GDP per capita (current US$),NY.GDP.PCAP.CD,138.4288795,171.0479834,190.0025003,237.7574442,311.6273248,340.5830327,408.8385907,526.6429154,715.8651105,676.1234193,749.552711,847.3821018,969.2964731,1048.227293,1104.171689,929.0958572
Tanzania,TZA,GDP per capita (current US$),NY.GDP.PCAP.CD,410.9523276,406.5386686,411.9723458,431.2796931,459.2592825,492.6313793,485.4974874,552.8395296,687.3904455,695.2167768,743.4037847,781.4370143,867.8676806,970.4169384,1030.092917,947.9334465
Thailand,THA,GDP per capita (current US$),NY.GDP.PCAP.CD,2007.736363,1893.26831,2096.187999,2359.116494,2660.122791,2894.061896,3369.547815,3973.019618,4379.659877,4213.001541,5076.342992,5492.115427,5860.58061,6168.264895,5951.883702,5840.046948
Timor-Leste,TLS,GDP per capita (current US$),NY.GDP.PCAP.CD,497.1313913,574.4567883,553.4630116,573.6574921,1109.560106,1822.574927,2614.875073,2779.874989,4160.73443,2978.437312,3656.952163,5095.489022,5879.699804,4888.317126,3441.650608,2585.153916
Togo,TGO,GDP per capita (current US$),NY.GDP.PCAP.CD,302.2063943,292.5673576,326.8556001,396.0300441,412.589392,406.4009505,407.6946979,449.1442328,544.1475234,538.4419516,533.508792,586.3288415,571.8394289,621.2222598,640.1139137,570.6807371
Tonga,TON,GDP per capita (current US$),NY.GDP.PCAP.CD,2065.502661,1840.291495,1845.418595,2033.790901,2288.593015,2598.2472,2892.039182,2925.91276,3380.613351,3062.533091,3553.220614,4084.624132,4597.742305,4428.566481,4393.940811,4320.63799
Trinidad and Tobago,TTO,GDP per capita (current US$),NY.GDP.PCAP.CD,6435.164683,6939.801184,7053.070804,8807.900379,10293.80541,12327.23317,14102.49585,16539.87811,21204.10497,14514.14172,16683.35538,19034.1492,19157.41704,20143.66445,20270.85937,18289.70434
Tunisia,TUN,GDP per capita (current US$),NY.GDP.PCAP.CD,2211.826817,2253.04471,2344.413533,2760.414314,3111.382703,3193.206569,3370.033926,3775.75001,4307.155878,4128.462783,4141.976353,4264.674946,4152.678587,4222.703245,4305.474165,3861.688531
Turkey,TUR,GDP per capita (current US$),NY.GDP.PCAP.CD,4316.548908,3119.56579,3659.939869,4718.199807,6040.607698,7384.251628,8035.377338,9711.873594,10854.17225,9038.52015,10672.38925,11335.51051,11707.25971,12519.39143,12095.85457,10948.72461
Turkmenistan,TKM,GDP per capita (current US$),NY.GDP.PCAP.CD,643.174726,774.4828307,967.8901647,1283.911263,1453.916238,1704.417531,2136.474322,2600.369292,3904.463719,4036.455999,4439.200382,5649.952278,6675.185658,7304.287132,7962.239098,6432.680702
Turks and Caicos Islands,TCA,GDP per capita (current US$),NY.GDP.PCAP.CD,..,16629.34223,15784.60356,16382.93711,18187.22135,20533.91625,24561.65051,25456.30212,27648.34402,22019.65773,21028.40814,21835.08314,21009.88581,21328.97901,23296.33691,24832.59637
Tuvalu,TUV,GDP per capita (current US$),NY.GDP.PCAP.CD,1462.8547,1391.453495,1610.149462,1874.468285,2182.078388,2183.909889,2263.128601,2644.652776,2936.859633,2599.895701,3022.28882,3640.861433,3507.936911,3454.684953,3398.818942,3197.795645
Uganda,UGA,GDP per capita (current US$),NY.GDP.PCAP.CD,261.8689977,239.4731859,245.5000794,243.9015264,296.0469361,325.5903736,347.9903568,416.8986194,467.9005703,578.4230564,622.4988457,602.6846514,668.832462,689.1548142,739.373927,709.0210386
Ukraine,UKR,GDP per capita (current US$),NY.GDP.PCAP.CD,635.7089635,779.9771307,878.6182021,1047.502769,1366.017225,1826.932206,2300.77148,3065.611623,3887.241412,2542.997136,2965.142365,3569.757027,3855.42128,4029.715504,3104.658296,2124.662666
United Arab Emirates,ARE,GDP per capita (current US$),NY.GDP.PCAP.CD,33291.41937,31280.78428,31567.47371,33499.09375,36333.24984,39365.4339,41907.40566,41809.51638,44498.93423,32024.1816,33893.30351,39194.67662,40976.49971,42412.63028,43751.83889,38663.38381
United Kingdom,GBR,GDP per capita (current US$),NY.GDP.PCAP.CD,28149.87001,27744.50646,30056.58622,34419.14791,40290.31397,42030.28661,44599.69757,50566.8266,47286.99849,38713.13743,39435.8399,42038.50048,42462.71491,43444.56484,47417.63505,44966.10193
United States,USA,GDP per capita (current US$),NY.GDP.PCAP.CD,36334.90878,37133.24281,38023.16111,39496.48588,41712.80107,44114.74778,46298.73144,47975.96768,48382.55845,47099.98047,48466.82338,49883.11398,51603.49726,53106.90977,55032.958,56803.47243
Uruguay,URY,GDP per capita (current US$),NY.GDP.PCAP.CD,6875.021328,6284.4559,4090.899267,3624.198052,4120.556611,5226.937806,5887.848703,7026.511491,9091.079039,9451.932449,11992.01663,14236.68119,15171.58466,16973.67421,16831.97294,15613.76427
Uzbekistan,UZB,GDP per capita (current US$),NY.GDP.PCAP.CD,558.2268024,456.7062895,383.343068,396.377979,465.1198869,546.7768502,654.2838373,830.4076942,1082.286025,1213.265328,1634.312095,1926.292997,2137.025122,2281.410973,2492.336643,2615.025134
Vanuatu,VUT,GDP per capita (current US$),NY.GDP.PCAP.CD,1470.572265,1363.113016,1354.186169,1580.542444,1788.087167,1887.226576,2049.618856,2398.612625,2705.597658,2649.618144,2966.857116,3264.537017,3133.090209,3124.233078,3088.258303,2801.939848
"Venezuela, RB",VEN,GDP per capita (current US$),NY.GDP.PCAP.CD,4842.037202,4986.675586,3700.879593,3272.615024,4325.696756,5504.976824,6833.377894,8454.466743,11432.74386,11765.10018,13825.35809,10955.34991,12985.50533,12456.71245,16054.49051,..
Vietnam,VNM,GDP per capita (current US$),NY.GDP.PCAP.CD,390.0933261,404.8078662,430.0528671,480.5797992,546.9096058,687.4797356,784.3724223,906.2841981,1149.424642,1217.268555,1317.890706,1525.115988,1735.141276,1886.671896,2030.261955,2085.101484
Virgin Islands (U.S.),VIR,GDP per capita (current US$),NY.GDP.PCAP.CD,..,..,30126.25564,31823.12499,35024.47749,40929.79512,41560.9342,44333.06566,39207.00375,38771.27439,40043.19017,39144.16577,37849.72872,34819.14775,33573.09703,34797.14047
West Bank and Gaza,PSE,GDP per capita (current US$),NY.GDP.PCAP.CD,1476.17185,1335.553195,1156.217473,1257.69857,1337.565724,1455.187875,1441.4617,1575.5634,1857.890515,1970.182963,2354.125987,2695.193853,2834.021525,3060.312389,3046.821798,2967.851747
"Yemen, Rep.",YEM,GDP per capita (current US$),NY.GDP.PCAP.CD,554.4486334,550.3602417,579.8529205,620.3827587,709.9653061,832.8444886,921.4184439,1017.292001,1229.246843,1116.084594,1334.784845,1374.621313,1446.53628,1607.152275,1674.002766,1608.744312
Zambia,ZMB,GDP per capita (current US$),NY.GDP.PCAP.CD,345.6895544,382.9411785,382.2421724,435.4580833,538.5915064,702.7409406,1047.919187,1124.290586,1394.000608,1159.907762,1489.45907,1672.94983,1763.094184,1878.903489,1763.056239,1337.796315
Zimbabwe,ZWE,GDP per capita (current US$),NY.GDP.PCAP.CD,563.0577411,568.3859092,530.5305794,478.007405,482.9984113,476.5553236,447.8549242,431.7871883,356.6933497,771.5987859,948.3318545,1093.654002,1304.969802,1430.000818,1434.89934,1445.071062
Arab World,ARB,GDP per capita (current US$),NY.GDP.PCAP.CD,2603.67171,2507.936771,2474.357378,2734.149465,3132.30395,3763.034046,4356.688415,4960.649589,6143.561208,5182.72658,5946.258579,6890.105514,7504.532525,7552.72031,7498.938317,6458.870159
Caribbean small states,CSS,GDP per capita (current US$),NY.GDP.PCAP.CD,5247.245456,5369.777118,5595.471017,5938.81901,6453.992362,7249.137309,8044.481674,8913.344578,10046.5068,8398.664735,9074.324391,9743.181869,9994.048759,10114.79342,10174.92119,9920.626521
Central Europe and the Baltics,CEB,GDP per capita (current US$),NY.GDP.PCAP.CD,3941.582086,4346.274596,4928.579166,5934.687883,7162.923405,8345.643163,9466.092286,12004.11356,14576.73145,12292.31857,12578.15545,13887.14779,13014.55403,13717.87307,14160.84934,12489.5282
Early-demographic dividend,EAR,GDP per capita (current US$),NY.GDP.PCAP.CD,1332.57452,1296.559049,1237.668091,1353.908241,1547.140856,1774.592334,2001.533909,2336.069784,2590.75324,2456.780815,2941.531958,3249.980544,3358.576408,3371.590524,3439.88496,3292.202265
East Asia & Pacific,EAS,GDP per capita (current US$),NY.GDP.PCAP.CD,4043.965933,3727.8718,3755.616008,4096.648288,4559.810572,4829.537365,5084.710631,5647.40782,6476.30771,6626.103515,7672.90556,8836.089255,9392.73661,9433.730948,9650.034645,9532.635016
East Asia & Pacific (excluding high income),EAP,GDP per capita (current US$),NY.GDP.PCAP.CD,955.2524978,1006.936087,1104.703027,1239.977777,1426.461317,1639.374285,1959.432787,2458.862377,3089.491322,3325.124338,4002.608704,4855.832761,5375.694467,5887.577842,6282.852381,6490.082407
East Asia & Pacific (IDA & IBRD countries),TEA,GDP per capita (current US$),NY.GDP.PCAP.CD,965.4910612,1017.723555,1116.533549,1253.274788,1441.803741,1657.034923,1980.546129,2485.331175,3122.682707,3360.695454,4045.420544,4907.691481,5432.957745,5950.167955,6349.497909,6558.764269
Euro area,EMU,GDP per capita (current US$),NY.GDP.PCAP.CD,20166.5673,20433.21042,22109.87185,27134.91228,30948.7749,31936.01809,33767.09252,38666.73429,42177.82092,38423.21376,37567.0529,40613.00019,37597.99051,39102.95286,39856.7003,34377.51406
Europe & Central Asia,ECS,GDP per capita (current US$),NY.GDP.PCAP.CD,11634.19945,11747.1196,12818.63669,15564.93249,18090.29783,19204.01184,20732.65848,24137.1508,26391.65449,23118.82635,23587.57456,26093.44077,25049.25744,26054.3811,26279.01045,22530.23561
Europe & Central Asia (excluding high income),ECA,GDP per capita (current US$),NY.GDP.PCAP.CD,1779.102345,1768.179662,2025.153794,2551.688087,3377.850547,4280.504233,5248.102334,6785.17084,8381.804753,6561.730396,7793.110557,9583.724505,10093.8973,10664.29315,9888.566258,7520.248731
Europe & Central Asia (IDA & IBRD countries),TEC,GDP per capita (current US$),NY.GDP.PCAP.CD,2049.289695,2086.793566,2346.075609,2882.571348,3730.212366,4670.487007,5643.835684,7246.60442,8949.713836,7071.457766,8267.317905,10001.84023,10384.6834,10957.18123,10299.72557,7983.410324
European Union,EUU,GDP per capita (current US$),NY.GDP.PCAP.CD,18261.96519,18457.88927,20055.32939,24310.25375,27960.04812,29115.62937,30960.56142,35630.93772,38185.6238,34019.27859,33740.64637,36506.63882,34328.82162,35683.85879,36787.23101,32319.45324
Fragile and conflict affected situations,FCS,GDP per capita (current US$),NY.GDP.PCAP.CD,653.4863693,585.0348063,548.3034319,607.0665261,688.3244471,815.3740061,941.420749,1130.096067,1426.729023,1299.985114,1511.929264,1608.7592,1820.488043,1858.46172,1824.399198,1606.083038
Heavily indebted poor countries (HIPC),HPC,GDP per capita (current US$),NY.GDP.PCAP.CD,345.3674333,319.9943267,334.6195858,370.46398,414.8715557,458.6171552,531.0621175,619.4310853,727.323943,711.0825602,764.1688383,831.0473611,868.8789866,941.4581255,967.6735692,923.9239865
High income,HIC,GDP per capita (current US$),NY.GDP.PCAP.CD,25598.91361,25191.76844,26078.23565,29040.58031,32102.37284,33712.8843,35338.80622,38338.84375,40412.17355,37625.04242,39173.97285,42087.38421,41886.56882,42143.58625,42802.02865,40196.17217
IBRD only,IBD,GDP per capita (current US$),NY.GDP.PCAP.CD,1457.787035,1462.484749,1469.236879,1636.21143,1926.188479,2279.486246,2675.697892,3292.711613,3913.258085,3759.56718,4521.053394,5288.638535,5566.664559,5825.524941,5957.867212,5570.853749
IDA & IBRD total,IBT,GDP per capita (current US$),NY.GDP.PCAP.CD,1236.223841,1234.750485,1242.281256,1379.472886,1617.805559,1905.151257,2234.67026,2730.288502,3234.964698,3100.198131,3704.487745,4310.210653,4528.26087,4736.727741,4843.643751,4526.933102
IDA blend,IDB,GDP per capita (current US$),NY.GDP.PCAP.CD,547.6484981,537.063857,580.4349341,637.2545978,762.4538084,894.1585056,1127.407773,1272.083693,1478.56476,1348.86715,1552.918372,1756.293534,1889.31544,2004.504298,2125.517049,1973.259134
IDA only,IDX,GDP per capita (current US$),NY.GDP.PCAP.CD,359.5246841,344.0062706,353.8510198,389.0296653,430.4714723,474.7782718,536.4845348,625.492951,741.296543,744.2345139,825.6684877,904.8858922,938.6050838,1022.270646,1069.623572,1059.829465
IDA total,IDA,GDP per capita (current US$),NY.GDP.PCAP.CD,424.4957663,410.660521,432.060075,474.6165566,544.7735039,619.0413422,739.6196808,847.809434,994.5296141,950.8014055,1075.109334,1197.907382,1266.828685,1361.22626,1434.59861,1374.65857
Late-demographic dividend,LTE,GDP per capita (current US$),NY.GDP.PCAP.CD,1663.018045,1706.426505,1795.56836,2033.113648,2429.133283,2913.943154,3494.570064,4375.908612,5406.658726,5192.485212,6190.863156,7501.875846,7976.832515,8547.300209,8799.706742,8195.348215
Latin America & Caribbean,LCN,GDP per capita (current US$),NY.GDP.PCAP.CD,4392.36391,4237.485229,3750.92662,3781.91693,4302.918986,5137.444685,5949.673505,6925.14934,7953.797611,7389.228131,9059.186046,10185.51792,10177.86064,10317.29322,10407.83658,8862.924726
Latin America & Caribbean (excluding high income),LAC,GDP per capita (current US$),NY.GDP.PCAP.CD,4223.899312,4065.610838,3567.261311,3582.732205,4068.401624,4881.689319,5659.584235,6632.09289,7672.718332,7106.011059,8760.276512,9862.159391,9815.8633,9927.579022,10052.81436,8453.828759
Latin America & the Caribbean (IDA & IBRD countries),TLA,GDP per capita (current US$),NY.GDP.PCAP.CD,4305.786708,4130.731779,3623.035381,3645.639688,4166.753514,5007.857917,5814.88643,6801.403807,7848.670869,7265.363134,8973.967781,10120.10984,10102.47286,10238.40824,10324.93645,8720.698418
Least developed countries: UN classification,LDC,GDP per capita (current US$),NY.GDP.PCAP.CD,323.5032188,300.7249167,318.5198481,352.587434,395.6051997,453.4823601,518.6416572,608.5575007,737.8185184,719.6303566,806.0598169,902.200024,945.8915334,1003.382986,1058.998519,1022.645037
Low & middle income,LMY,GDP per capita (current US$),NY.GDP.PCAP.CD,1188.304512,1185.203783,1192.962136,1325.692417,1552.907622,1827.704585,2147.028802,2625.608288,3110.630458,2997.34905,3590.259868,4184.492623,4407.990773,4611.702084,4720.228555,4420.068043
Low income,LIC,GDP per capita (current US$),NY.GDP.PCAP.CD,314.9426711,287.2142873,297.4119018,314.3912114,352.0080761,392.5524989,430.3386566,506.220447,602.2183294,601.8036392,642.00285,697.7634557,743.5171196,799.4863156,828.9802747,796.0121695
Lower middle income,LMC,GDP per capita (current US$),NY.GDP.PCAP.CD,566.5172846,564.0153715,598.2360424,674.9948348,761.9486837,869.0889457,1027.1696,1238.851491,1366.336454,1377.365179,1662.402271,1849.547885,1911.478144,1966.235969,2040.252266,1996.011491
Middle East & North Africa,MEA,GDP per capita (current US$),NY.GDP.PCAP.CD,3066.625312,3020.902993,2953.183178,3264.777123,3737.957617,4410.256841,5056.147325,5868.86783,7161.08394,6267.997628,7174.097701,8332.282431,8895.675056,8668.404594,8540.521641,7387.869347
Middle East & North Africa (excluding high income),MNA,GDP per capita (current US$),NY.GDP.PCAP.CD,1617.016922,1643.936779,1568.046345,1738.485558,1980.256211,2292.523267,2617.539043,3179.432806,3847.440824,3659.100461,4158.58263,4630.738985,5011.926365,4624.418247,4470.199396,3961.491058
Middle East & North Africa (IDA & IBRD countries),TMN,GDP per capita (current US$),NY.GDP.PCAP.CD,1618.326259,1647.156678,1572.489691,1743.725174,1987.376604,2301.86514,2630.745241,3197.57465,3870.180431,3678.486273,4179.401246,4653.186582,5037.387603,4642.570598,4486.744823,3972.904452
Middle income,MIC,GDP per capita (current US$),NY.GDP.PCAP.CD,1272.347608,1272.553487,1281.540962,1427.138203,1675.143132,1975.915489,2326.884866,2851.112,3382.085512,3261.235227,3918.124432,4576.629347,4825.98851,5052.916871,5176.980373,4851.927753
North America,NAC,GDP per capita (current US$),NY.GDP.PCAP.CD,35147.87659,35822.80361,36666.27032,38391.00675,40766.67325,43349.0056,45724.25136,47646.43886,48215.11179,46483.02509,48373.70037,50110.05567,51703.26734,53052.79008,54618.84662,55476.89671
Not classified,INX,GDP per capita (current US$),NY.GDP.PCAP.CD,..,..,..,..,..,..,..,..,..,..,..,..,..,..,..,..
OECD members,OED,GDP per capita (current US$),NY.GDP.PCAP.CD,23663.58679,23286.49481,24120.29341,26811.90884,29628.40244,31102.98913,32577.67804,35369.13118,37179.85365,34562.83565,35985.89123,38493.14171,38202.97249,38463.3865,39019.65022,36624.21453
Other small states,OSS,GDP per capita (current US$),NY.GDP.PCAP.CD,4373.322342,4274.863919,4533.509373,5541.612751,6776.328495,8064.886475,9270.224257,11057.67414,13199.72505,11008.29166,12501.50892,15088.44992,15492.81794,15713.4536,15836.84667,12846.16401
Pacific island small states,PSS,GDP per capita (current US$),NY.GDP.PCAP.CD,1757.950453,1703.695836,1771.917956,2050.203728,2338.950229,2540.821702,2636.301157,2867.34278,3028.128995,2653.128171,2905.777759,3404.274311,3571.847015,3659.243434,3924.987357,3781.79768
Post-demographic dividend,PST,GDP per capita (current US$),NY.GDP.PCAP.CD,25739.75368,25382.4255,26335.27788,29387.00683,32481.70678,34016.92589,35610.6723,38635.66434,40597.78536,38060.76143,39513.78524,42315.38014,42090.31654,42319.51777,42989.91367,40497.75629
Pre-demographic dividend,PRE,GDP per capita (current US$),NY.GDP.PCAP.CD,437.3188138,419.9030984,485.2361391,537.1901322,638.8714596,774.4712169,955.0942901,1124.883574,1378.847923,1209.358693,1388.808763,1573.660106,1690.340403,1799.044416,1864.008695,1588.210949
Small states,SST,GDP per capita (current US$),NY.GDP.PCAP.CD,4393.992618,4346.331362,4583.99708,5398.544349,6416.655779,7531.784753,8583.830207,10088.05813,11909.03523,9956.091339,11220.1501,13312.8395,13688.63075,13896.82204,14031.43692,11742.20155
South Asia,SAS,GDP per capita (current US$),NY.GDP.PCAP.CD,447.4347638,450.7945136,464.4453469,532.9115071,607.3992652,684.7445242,774.8637943,959.3051404,959.4611922,1041.994394,1257.499439,1367.31313,1364.416413,1381.856618,1494.420758,1541.803684
South Asia (IDA & IBRD),TSA,GDP per capita (current US$),NY.GDP.PCAP.CD,447.4347638,450.7945136,464.4453469,532.9115071,607.3992652,684.7445242,774.8637943,959.3051404,959.4611922,1041.994394,1257.499439,1367.31313,1364.416413,1381.856618,1494.420758,1541.803684
Sub-Saharan Africa,SSF,GDP per capita (current US$),NY.GDP.PCAP.CD,596.6178838,554.2404001,588.6058628,718.856999,872.6031506,1008.246679,1166.882505,1319.998953,1472.574895,1360.79208,1578.201816,1739.14878,1787.828781,1853.271496,1889.349233,1671.400239
Sub-Saharan Africa (excluding high income),SSA,GDP per capita (current US$),NY.GDP.PCAP.CD,595.7604955,553.388921,587.67422,717.9537161,871.5588913,1007.140258,1165.700312,1318.845399,1471.555119,1359.930505,1577.24878,1738.125697,1786.845832,1852.039633,1888.141105,1670.173033
Sub-Saharan Africa (IDA & IBRD countries),TSS,GDP per capita (current US$),NY.GDP.PCAP.CD,596.6178838,554.2404001,588.6058628,718.856999,872.6031506,1008.246679,1166.882505,1319.998953,1472.574895,1360.79208,1578.201816,1739.14878,1787.828781,1853.271496,1889.349233,1671.400239
Upper middle income,UMC,GDP per capita (current US$),NY.GDP.PCAP.CD,1967.305684,1976.52624,1966.506735,2187.911293,2607.332363,3115.845058,3677.443794,4541.538853,5514.136472,5270.6257,6344.449839,7533.484106,8009.921904,8449.204175,8652.264448,8035.717516
World,WLD,GDP per capita (current US$),NY.GDP.PCAP.CD,5492.575365,5391.236696,5527.011351,6123.763804,6811.87571,7287.007375,7802.731748,8684.225286,9412.940285,8820.013095,9540.904828,10478.73126,10594.77289,10770.6999,10933.90431,10223.95198
,,,,,,,,,,,,,,,,,,,
,,,,,,,,,,,,,,,,,,,
,,,,,,,,,,,,,,,,,,,
Data from database: World Development Indicators,,,,,,,,,,,,,,,,,,,
Last Updated: 02/27/2020,,,,,,,,,,,,,,,,,,,
